{"metadata":{"asset_id":"35125b07-f81a-4639-9e33-19885336ccd0","asset_attributes":["data_asset","location_definition"],"name":"nsapallschemes.csv","asset_type":"data_asset","created_at":"2025-07-31T09:23:00Z","origin_country":"us","owner_id":"IBMid-694000ZIKT","project_id":"328ab2d5-6705-4c2a-8e09-31e277b6c340","size":185915,"usage":{"last_update_time":1753953783699,"last_updated_at":"2025-07-31T09:23:03Z"}},"entity":{"data_asset":{"dataset":false,"mime_type":"text/csv"},"location_definition":{"physical_location_code":"LON","physical_location_code_assigned_by":"IBMid-694000ZIKT","physical_location_code_rds_id":"c57cb90f-2126-3800-9c9f-9eab82021cdf","physical_location_code_rds_version":"00002025-0725-4085-8649-168175000000_5","physical_location_code_assignment_method":"INFERRED","physical_location_code_added_on":"1753953783692"}},"attachments":[{"id":"2ed0d278-cbeb-4529-9ac6-ba28a623477f","version":2,"asset_type":"data_asset","name":"nsapallschemes.csv","mime":"text/csv","datasource_type":"193a97c1-4475-4a19-b90c-295c4fdc6517","object_key":"nsapallschemes.csv","creator_id":"IBMid-694000ZIKT","create_time":1753953783697,"size":185915,"is_remote":false,"is_managed":false,"is_referenced":true,"is_object_key_read_only":true,"is_user_provided_path_key":true,"transfer_complete":true,"is_partitioned":false,"complete_time_ticks":1753953783697,"user_data":{},"test_doc":0,"handle":{"bucket":"nsapml-donotdelete-pr-vgwjnueodrdwo5","location":"eu-gb","type":"bluemix_cos","key":"nsapallschemes.csv","upload_id":"done","max_part_num":1},"usage":{"access_count":0,"last_accessor_id":"IBMid-694000ZIKT","last_access_time":1753953783697}}]}
