{"metadata":{"asset_id":"bde01d2e-eb56-47a2-98a7-80e85bdb6d13","asset_attributes":["environment"],"name":"autoai-runtime-24.1-py3.11-M","asset_type":"environment","created_at":"2025-07-31T10:17:40Z","origin_country":"us","owner_id":"IBMid-694000ZIKT","project_id":"328ab2d5-6705-4c2a-8e09-31e277b6c340","sandbox_id":"328ab2d5-6705-4c2a-8e09-31e277b6c340","size":0,"tags":["dsx"],"usage":{"last_update_time":1753957060802,"last_updated_at":"2025-07-31T10:17:40Z"}},"entity":{"environment":{"sub_type":"notebook","display_name":"Runtime 24.1 on Python 3.11 AutoAI-M","hardware_specification":{"type":"referenced","guid":"c076e82c-b2a7-4d20-9c0f-1f0c2fdf5a24"},"software_specification":{"type":"referenced","guid":"45f12dfe-aa78-5b8d-9f38-0ee223c47309"},"tools_specification":{"supported_kernels":[{"name":"python3","display_name":"Python 3.11","language":"python","version":"3.11"}],"notebook_extensions":[]}}}}
