{"metadata":{"asset_id":"68eef823-1cc3-4228-8d8e-d61993f24474","asset_attributes":["notebook","location_definition"],"name":" P4 - Snap Random Forest Classifier: NSAP_aryan","asset_type":"notebook","created_at":"2025-07-31T10:17:41Z","description":"","origin_country":"us","owner_id":"IBMid-694000ZIKT","project_id":"328ab2d5-6705-4c2a-8e09-31e277b6c340","size":39314,"tags":["notebook"],"usage":{"last_update_time":1753957062479,"last_updated_at":"2025-07-31T10:17:42Z"}},"entity":{"notebook":{"kernel":{"display_name":"Python 3.11","name":"python3","language":"python"},"originates_from":{"type":"file"},"runtime":{"environment":"bde01d2e-eb56-47a2-98a7-80e85bdb6d13"}},"location_definition":{"physical_location_code":"LON","physical_location_code_assigned_by":"IBMid-694000ZIKT","physical_location_code_rds_id":"c57cb90f-2126-3800-9c9f-9eab82021cdf","physical_location_code_rds_version":"00002025-0725-4085-8649-168175000000_5","physical_location_code_assignment_method":"INFERRED","physical_location_code_added_on":"1753957062477"}},"attachments":[{"id":"4ad99995-4668-4f50-9801-26df976ecbdf","version":2,"asset_type":"notebook","name":"attachment for notebook 68eef823-1cc3-4228-8d8e-d61993f24474","description":"attachment for notebook 68eef823-1cc3-4228-8d8e-d61993f24474","mime":"application/json","datasource_type":"193a97c1-4475-4a19-b90c-295c4fdc6517","object_key":"notebook/autoai_notebook_d377fe6e-3d84-4740-833b-9972b3051e79_P4_1753957061193.ipynb","creator_id":"IBMid-694000ZIKT","create_time":1753957062478,"size":39314,"is_remote":false,"is_managed":false,"is_referenced":true,"is_object_key_read_only":false,"is_user_provided_path_key":true,"transfer_complete":true,"is_partitioned":false,"complete_time_ticks":1753957062478,"user_data":{},"test_doc":0,"handle":{"bucket":"nsapml-donotdelete-pr-vgwjnueodrdwo5","location":"eu-gb","type":"bluemix_cos","key":"notebook/autoai_notebook_d377fe6e-3d84-4740-833b-9972b3051e79_P4_1753957061193.ipynb","upload_id":"done","max_part_num":1},"usage":{"access_count":0,"last_accessor_id":"IBMid-694000ZIKT","last_access_time":1753957062478}}]}
